{
  "version": "2022.2",
  "applications": [],
  "platforms": [
    {
      "name": "gcnn_demo_zcu104"
    }
  ],
  "systems": [
    {
      "name": "gcnn_demo_ps_system",
      "platform": "/home/power-station/workspace/gcnn_demo_zcu104/export/gcnn_demo_zcu104/gcnn_demo_zcu104.xpfm",
      "sysConfig": "gcnn_demo_zcu104",
      "buildConfig": "Debug",
      "applications": [
        {
          "name": "gcnn_demo_ps",
          "platform": "/home/power-station/workspace/gcnn_demo_zcu104/export/gcnn_demo_zcu104/gcnn_demo_zcu104.xpfm",
          "platformPath": "/home/power-station/workspace/gcnn_demo_zcu104/export/gcnn_demo_zcu104",
          "sysConfig": "gcnn_demo_zcu104",
          "domain": "standalone_domain",
          "system": "gcnn_demo_ps_system"
        }
      ],
      "platformPath": "/home/power-station/workspace/gcnn_demo_zcu104/export/gcnn_demo_zcu104"
    }
  ],
  "others": []
}